user_id,customer_id,admin_id,employee_id,user_email,user_password,user_type
20224001,20223160,20222042,20221054,clindblad0@360.cn,M4jL5LGe6b,customer
20224002,20223122,20222024,20221024,ajuanes1@yahoo.co.jp,0RIFdg9wLlYq,admin
20224003,20223120,20222013,20221049,mcaton2@huffingtonpost.com,NwB0xMq,employee
20224004,20223027,20222067,20221041,dbellchamber3@virginia.edu,F1DBBTSIIvTO,admin
20224005,20223183,20222031,20221034,scosgrove4@tinypic.com,WbcDXEDf,admin
20224006,20223164,20222062,20221084,ssowten5@plala.or.jp,jdK7kF334Is,employee
20224007,20223195,20222095,20221009,esmalls6@statcounter.com,ypbK1eXUO,employee
20224008,20223169,20222100,20221042,brodwell7@prnewswire.com,ffvqrMUitO,employee
20224009,20223110,20222061,20221049,tfontel8@liveinternet.ru,DtcTLr,customer
20224010,20223150,20222057,20221003,ddewsnap9@reddit.com,5GYD9nqVbI,admin
20224011,20223017,20222100,20221014,dskeletona@ezinearticles.com,HkypDe,employee
20224012,20223085,20222100,20221049,ebruntjenb@gizmodo.com,2auIk4,admin
20224013,20223133,20222086,20221017,cwoodwinc@cargocollective.com,9NwuX3KA,customer
20224014,20223147,20222043,20221035,tcholonind@etsy.com,j7i2mXYAgT,admin
20224015,20223054,20222013,20221012,rscogganse@cornell.edu,TZApnaOW,employee
20224016,20223114,20222068,20221063,mlindenstraussf@smugmug.com,vpOk6eU7H,employee
20224017,20223190,20222038,20221090,candrusovg@earthlink.net,WO623f,employee
20224018,20223061,20222050,20221092,mohallaganh@bbc.co.uk,RyAeA83H,admin
20224019,20223169,20222092,20221060,kyewdalli@loc.gov,O4h8iLVA,employee
20224020,20223107,20222038,20221053,mhobdenj@fema.gov,fYq8fhSiJAF,customer
20224021,20223057,20222038,20221009,csamplesk@pcworld.com,OAYPDMG,employee
20224022,20223146,20222059,20221031,wgallenl@wikispaces.com,hABQWCyMPqMM,customer
20224023,20223183,20222055,20221090,nallinsonm@hibu.com,UcoLcZvRlxO,employee
20224024,20223087,20222091,20221062,sganfordn@bing.com,Ne03j1U,admin
20224025,20223037,20222061,20221035,sadhamso@infoseek.co.jp,clmePJHuaifN,admin
20224026,20223107,20222034,20221027,aaucoatep@cnbc.com,D3qZxC8,employee
20224027,20223108,20222039,20221067,epavettq@ted.com,HVSC0Qi1J,customer
20224028,20223086,20222001,20221028,hhuardr@ning.com,UPuCDY,customer
20224029,20223120,20222028,20221046,kemmanuels@census.gov,PUp2saqJy,admin
20224030,20223036,20222040,20221099,esloyt@google.co.uk,M2Bryo,employee
20224031,20223111,20222029,20221039,oscareu@slashdot.org,UqufFD,admin
20224032,20223026,20222008,20221063,eepinoyv@bravesites.com,6jZRD8pMOokP,employee
20224033,20223182,20222062,20221045,pvermaw@behance.net,kMtOEDnf4TJn,employee
20224034,20223103,20222087,20221049,lpattissonx@who.int,KLTWXd,employee
20224035,20223096,20222080,20221021,rbrittonery@about.me,xZArmR7,employee
20224036,20223044,20222074,20221100,tivashechkinz@nhs.uk,hnYDkxA,admin
20224037,20223176,20222030,20221085,tlawrey10@hugedomains.com,DAiVkxKQ,admin
20224038,20223136,20222093,20221057,gcumberland11@tinypic.com,sBGI6YE,employee
20224039,20223036,20222039,20221020,ctrymme12@a8.net,eOLxfuXtcf,admin
20224040,20223134,20222068,20221062,kwhitely13@ucla.edu,GC0k3PCSpgY,admin
20224041,20223147,20222036,20221077,bmerring14@wordpress.org,KZA2Q79kFFwS,customer
20224042,20223096,20222063,20221011,jaronsohn15@businessweek.com,p5AzffiJRjit,employee
20224043,20223010,20222076,20221035,mrattray16@storify.com,uFevv4,admin
20224044,20223146,20222076,20221089,hrobez17@archive.org,d1vyZp,customer
20224045,20223062,20222070,20221028,mshafe18@fc2.com,CHLLJKq9JX2f,admin
20224046,20223145,20222023,20221081,kkubica19@dedecms.com,YO98RzGtCd,employee
20224047,20223090,20222036,20221066,aundrill1a@biblegateway.com,GyYZo8dZ2ByB,employee
20224048,20223035,20222047,20221095,iwinspire1b@jugem.jp,aZ51gG,employee
20224049,20223147,20222066,20221059,gcockaday1c@so-net.ne.jp,jVUnGYQSWQb,admin
20224050,20223093,20222096,20221036,znoweak1d@theglobeandmail.com,ZRsy3XOavGa,customer
20224051,20223195,20222029,20221091,tfeakins1e@about.com,EZbxHW0ta,employee
20224052,20223130,20222093,20221002,amouncher1f@is.gd,Qq8QgAlhRlo,customer
20224053,20223161,20222015,20221079,kdorricott1g@smugmug.com,ZbUHhqMHhb,admin
20224054,20223015,20222036,20221036,adayes1h@wordpress.org,Fd9KJ2kQ7qoB,employee
20224055,20223159,20222020,20221002,rgauntley1i@ed.gov,JkxsuN12U1MQ,employee
20224056,20223045,20222089,20221050,rroad1j@spotify.com,2uaAOZ4Le6T9,employee
20224057,20223078,20222092,20221001,dpersent1k@spiegel.de,wxMPziK4N,admin
20224058,20223083,20222051,20221069,ekissell1l@ox.ac.uk,B3pB6Lf2FU,customer
20224059,20223112,20222015,20221004,pgerrelts1m@netlog.com,oNuYMIMmH3i,customer
20224060,20223095,20222005,20221030,jmardoll1n@cbslocal.com,BWyfQu1U6M,admin
20224061,20223007,20222072,20221060,wmayho1o@hatena.ne.jp,OYvVacUZLW,employee
20224062,20223043,20222076,20221086,rfeak1p@hibu.com,XoehhLg4srgo,admin
20224063,20223139,20222099,20221086,lzecchetti1q@discovery.com,rzYr8DOrgo,employee
20224064,20223169,20222001,20221096,bmournian1r@dailymotion.com,0JYfqrRSbb2,customer
20224065,20223194,20222052,20221037,rrallings1s@is.gd,pk24lQs,admin
20224066,20223156,20222092,20221099,aduker1t@pcworld.com,VonDZNGgjFV,employee
20224067,20223164,20222067,20221084,lhogbin1u@qq.com,r527Fh0,customer
20224068,20223015,20222025,20221092,hkirk1v@senate.gov,Ed3iYh,admin
20224069,20223101,20222005,20221012,zkezar1w@mediafire.com,XLg4HmmR5,employee
20224070,20223112,20222030,20221098,gyounge1x@soundcloud.com,ernKRbbM2O9,customer
20224071,20223179,20222021,20221096,jbattams1y@163.com,zRRRGl,employee
20224072,20223100,20222008,20221026,tspohr1z@amazon.co.jp,TblWoL,admin
20224073,20223150,20222054,20221087,tmityushin20@discuz.net,tLACPrXZU,customer
20224074,20223012,20222020,20221018,ooganesian21@nhs.uk,gSgyjH,customer
20224075,20223079,20222030,20221002,llokier22@mlb.com,amMLytkJS,employee
20224076,20223163,20222024,20221028,jabrahamsen23@e-recht24.de,ewVDgXlIfBxD,customer
20224077,20223184,20222048,20221036,gvarrow24@mlb.com,w9AJulvjtWQE,employee
20224078,20223066,20222024,20221043,omckeaveney25@wiley.com,CwjE8GQWs,employee
20224079,20223022,20222051,20221070,nboxer26@craigslist.org,O0ahOd,customer
20224080,20223131,20222069,20221089,hhesse27@state.gov,ql0Mu6q,admin
20224081,20223169,20222043,20221010,fstpierre28@senate.gov,NLoD6ha,employee
20224082,20223080,20222079,20221091,uteek29@mit.edu,l8PWm5,employee
20224083,20223183,20222066,20221034,mhumburton2a@ameblo.jp,SphlN8MJb,employee
20224084,20223120,20222048,20221043,fstockford2b@exblog.jp,RXiAmg,customer
20224085,20223118,20222010,20221024,bwaghorn2c@list-manage.com,TL4t8ur,employee
20224086,20223111,20222051,20221074,mingleston2d@buzzfeed.com,8RGrczlC,customer
20224087,20223011,20222068,20221042,doliffe2e@xing.com,VSq0OyEc250g,admin
20224088,20223033,20222099,20221014,knowakowska2f@studiopress.com,DpAgPhm,customer
20224089,20223058,20222017,20221039,bbyass2g@umich.edu,F4lm959,customer
20224090,20223192,20222007,20221067,mbeyer2h@earthlink.net,KCzYx6ahQz43,employee
20224091,20223007,20222082,20221100,mondrak2i@omniture.com,r6dADCoTi,customer
20224092,20223116,20222043,20221034,rwyburn2j@gov.uk,4So8c771OyQa,customer
20224093,20223110,20222049,20221091,hyaus2k@flickr.com,ocE65lrD4Yxi,admin
20224094,20223128,20222010,20221061,mpering2l@live.com,VBsWSDqecHHk,admin
20224095,20223025,20222099,20221013,sscurlock2m@360.cn,clJfGaH1W,customer
20224096,20223192,20222035,20221034,jorchard2n@eepurl.com,fth4YTs,employee
20224097,20223004,20222004,20221014,bmattin2o@toplist.cz,noEcCyoBN,customer
20224098,20223187,20222011,20221083,ccalrow2p@usa.gov,FQASKSe,admin
20224099,20223080,20222038,20221056,cdudbridge2q@mozilla.org,IV91cH,employee
20224100,20223067,20222009,20221015,ssnodden2r@list-manage.com,tdHfJvXhSYvw,admin
20224101,20223139,20222048,20221066,painsworth2s@army.mil,Vb0GntbpSst,employee
20224102,20223084,20222016,20221069,dlinge2t@constantcontact.com,MuNTK9Y,customer
20224103,20223125,20222052,20221002,rluetkemeyer2u@baidu.com,ELDEWIZ,employee
20224104,20223025,20222058,20221070,mmeadley2v@dmoz.org,QT8FcBlCpZ,admin
20224105,20223125,20222055,20221039,cziemen2w@google.co.jp,dh8DIu4tzda,employee
20224106,20223078,20222050,20221045,brassell2x@yellowpages.com,rPMoTl,customer
20224107,20223129,20222033,20221048,ppetracek2y@unc.edu,lzxq31GKOdY,employee
20224108,20223155,20222029,20221060,jcuesta2z@diigo.com,dav2Eu,employee
20224109,20223072,20222081,20221073,knewarte30@sphinn.com,lcJu4cEJTnH,customer
20224110,20223074,20222021,20221080,vnormavill31@ebay.com,wIkNdQxLkK,customer
20224111,20223002,20222017,20221092,afairnington32@friendfeed.com,AoEv9YQB,admin
20224112,20223040,20222067,20221009,hkemsley33@fotki.com,O4of1DVRmH,customer
20224113,20223055,20222064,20221055,dciotti34@google.ca,tY7dMT,admin
20224114,20223119,20222067,20221071,wsmorthit35@topsy.com,m0T2Wslmfc,customer
20224115,20223178,20222011,20221075,kbraim36@springer.com,3NN1BLC,customer
20224116,20223020,20222055,20221081,dwarret37@wsj.com,SKHezCRBmQ,customer
20224117,20223122,20222040,20221041,hrysdale38@fastcompany.com,HJbzCv0p37,admin
20224118,20223088,20222068,20221040,acristou39@symantec.com,RrpM9aD,employee
20224119,20223196,20222012,20221095,acrickmore3a@hexun.com,txRIQt6H9m,admin
20224120,20223061,20222033,20221097,rgodber3b@eventbrite.com,2ffJdOBNe1Sa,customer
20224121,20223156,20222056,20221018,cschnieder3c@yandex.ru,Aqq066nesuy,admin
20224122,20223152,20222095,20221057,tcripwell3d@independent.co.uk,LKl05NOPSQY,employee
20224123,20223132,20222058,20221030,bfewell3e@quantcast.com,zscROpuR,admin
20224124,20223160,20222007,20221094,calberti3f@dion.ne.jp,HhggQYZkZ,customer
20224125,20223198,20222065,20221016,mebertz3g@chron.com,eKTYHOTm,employee
20224126,20223037,20222085,20221066,mheynel3h@smugmug.com,gEnqZfr,employee
20224127,20223071,20222036,20221008,ihallifax3i@cnet.com,kmo7bELZke,admin
20224128,20223062,20222058,20221005,cterrelly3j@issuu.com,lf5z4wAjcNN,admin
20224129,20223179,20222033,20221083,vbolderoe3k@github.com,R1WQvUAb,admin
20224130,20223119,20222004,20221095,nwinsborrow3l@storify.com,4cOwqWuBTw7,admin
20224131,20223090,20222017,20221048,aslayford3m@huffingtonpost.com,heh1uebx,employee
20224132,20223117,20222097,20221005,rgwillim3n@gov.uk,XKv2H85LnzZV,customer
20224133,20223113,20222046,20221027,bshilston3o@so-net.ne.jp,Wi56oexNMIsf,customer
20224134,20223157,20222035,20221040,lmccullouch3p@intel.com,jxXuzykp3p7,admin
20224135,20223081,20222066,20221002,rminget3q@army.mil,xgCqo7,customer
20224136,20223149,20222087,20221024,ktegler3r@walmart.com,kWd9XlBy3weC,customer
20224137,20223182,20222042,20221049,fleyland3s@gravatar.com,jPZzJ1x,employee
20224138,20223117,20222068,20221072,edibbin3t@nifty.com,N0Z2Kh,admin
20224139,20223198,20222039,20221100,gzouch3u@wix.com,qj7BKela,admin
20224140,20223044,20222044,20221092,ccordaroy3v@nifty.com,Gvtl72x,customer
20224141,20223097,20222087,20221097,kwoodgate3w@51.la,KllM4b8,customer
20224142,20223073,20222090,20221080,lhaizelden3x@networksolutions.com,pmi9lXu0kB5p,customer
20224143,20223120,20222033,20221090,hlefeuvre3y@cafepress.com,qo6Z74,employee
20224144,20223047,20222007,20221100,bdigiacomo3z@cafepress.com,vjc4ZJBfL3,admin
20224145,20223130,20222090,20221039,phaylock40@icio.us,992w3C,admin
20224146,20223018,20222049,20221012,cmeachem41@google.com.au,bwpeG7Dh,employee
20224147,20223073,20222003,20221028,emoncreif42@samsung.com,qBHeMVJaoBL,admin
20224148,20223027,20222008,20221034,mpavlovsky43@ft.com,35Q7o5,employee
20224149,20223011,20222042,20221030,mmcure44@pagesperso-orange.fr,S3zXdkS,customer
20224150,20223122,20222022,20221054,jknowlman45@chicagotribune.com,Ud5gOMPrG9g0,customer
20224151,20223084,20222032,20221021,rtyas46@sina.com.cn,bFnaD3iyHy1G,admin
20224152,20223053,20222049,20221072,lbenois47@ox.ac.uk,a1UKHW,admin
20224153,20223084,20222055,20221044,scannings48@businesswire.com,2KbLfG,employee
20224154,20223053,20222031,20221054,vbartosch49@intel.com,g3sW7EmLV,customer
20224155,20223109,20222046,20221091,agalier4a@toplist.cz,tXnrzX6lelJ,customer
20224156,20223128,20222088,20221095,greisen4b@ow.ly,ikuyy9psv,employee
20224157,20223045,20222032,20221098,balen4c@google.co.uk,R02bfiH68,customer
20224158,20223186,20222091,20221091,eallgood4d@macromedia.com,ugDjlbt1Pd,admin
20224159,20223180,20222095,20221018,rdrewitt4e@taobao.com,HoD3TBU2BAH,admin
20224160,20223142,20222042,20221077,kveck4f@nature.com,51RznyHpc,admin
20224161,20223168,20222061,20221039,aechalier4g@nih.gov,jJzA1H,customer
20224162,20223001,20222035,20221088,dabad4h@bing.com,e9UHL2vL2W,employee
20224163,20223046,20222015,20221016,cboeck4i@apache.org,gkgW7a,admin
20224164,20223089,20222011,20221060,cring4j@omniture.com,fOfvi9ojB1Y,admin
20224165,20223177,20222096,20221062,ddanko4k@earthlink.net,khakIVrm,employee
20224166,20223019,20222052,20221088,awhiteford4l@walmart.com,NiRACG4SX,customer
20224167,20223149,20222070,20221072,pfigure4m@umn.edu,CrIIYr2V,customer
20224168,20223028,20222001,20221009,swrinch4n@bravesites.com,5vSG0h,employee
20224169,20223111,20222071,20221047,bspary4o@amazon.de,NLxsUj,admin
20224170,20223199,20222094,20221095,kjatczak4p@tiny.cc,RAxGrgRLAXi,customer
20224171,20223187,20222011,20221067,emcgoldrick4q@artisteer.com,4CyHTb,admin
20224172,20223183,20222079,20221100,dphilipet4r@issuu.com,jWLt1yMG,admin
20224173,20223015,20222064,20221065,dhuertas4s@foxnews.com,FDVGFOf,customer
20224174,20223042,20222031,20221006,edrugan4t@chicagotribune.com,mUNDFvv,admin
20224175,20223188,20222085,20221043,wgobeau4u@wikia.com,Mk010cRbDS,admin
20224176,20223143,20222022,20221044,bwickenden4v@nyu.edu,976WjKzJUJj,customer
20224177,20223013,20222003,20221016,mmendonca4w@umich.edu,10EPRW,customer
20224178,20223043,20222032,20221096,spashba4x@com.com,H1LOkJOo7,admin
20224179,20223172,20222017,20221089,dvoak4y@cdbaby.com,eDzJGWMGsE,admin
20224180,20223085,20222092,20221002,cbelone4z@tumblr.com,g7h96ta,admin
20224181,20223092,20222096,20221014,astafford50@reddit.com,bApiiRK,admin
20224182,20223077,20222078,20221017,cbernasek51@deviantart.com,g7Q7RQVD1k,employee
20224183,20223012,20222079,20221036,iredholes52@spotify.com,6fxhz5G1,customer
20224184,20223176,20222015,20221098,hifill53@usatoday.com,J92MwWAuwK,admin
20224185,20223146,20222001,20221093,lspadari54@state.tx.us,dMktLH,customer
20224186,20223177,20222025,20221088,sgonoude55@blinklist.com,TEA3zdDh43R,admin
20224187,20223159,20222068,20221061,ggoldby56@histats.com,aAf0uAzyJEtX,customer
20224188,20223062,20222033,20221030,pline57@archive.org,wCICk5,customer
20224189,20223037,20222067,20221014,lwensley58@cnn.com,oMeGH7J6sw26,employee
20224190,20223034,20222004,20221080,ggoble59@xinhuanet.com,45zCU6JH,admin
20224191,20223077,20222095,20221002,pstyle5a@bandcamp.com,TbBjLvG,customer
20224192,20223172,20222047,20221030,hmaffi5b@netlog.com,oZw7e3D8,customer
20224193,20223133,20222096,20221066,brunchman5c@acquirethisname.com,0mUDgNNZbjMl,employee
20224194,20223098,20222080,20221077,mwinspur5d@ocn.ne.jp,JLGSIzO,customer
20224195,20223165,20222099,20221021,rdugo5e@sakura.ne.jp,l1C4fjke7DML,admin
20224196,20223080,20222056,20221073,imarzellano5f@cnet.com,nZiVBrTu,employee
20224197,20223165,20222021,20221036,reddins5g@blogger.com,bu6bN0p3,admin
20224198,20223007,20222028,20221053,smatthaus5h@disqus.com,Qd28wj3,customer
20224199,20223047,20222054,20221020,bpercy5i@w3.org,bMPUa6qOqV,employee
20224200,20223044,20222058,20221061,jboler5j@shareasale.com,trpLIl6e7E,admin
20224201,20223077,20222079,20221013,fgross5k@newsvine.com,kNoGPwbZRsAv,employee
20224202,20223188,20222042,20221079,tbartoshevich5l@spiegel.de,cwtWmKG9e,admin
20224203,20223159,20222094,20221071,aosmar5m@desdev.cn,olc8lh,admin
20224204,20223094,20222015,20221031,mgalsworthy5n@shareasale.com,raqhVS6rlThi,employee
20224205,20223151,20222100,20221003,hryce5o@illinois.edu,q8Suh74nM8HI,employee
20224206,20223080,20222059,20221002,gcossum5p@ask.com,I9lVhCMf0YlK,admin
20224207,20223094,20222004,20221051,bberfoot5q@chronoengine.com,GtvgpmK7oE,admin
20224208,20223196,20222061,20221032,mhallowes5r@creativecommons.org,qXqMw4RHk,customer
20224209,20223147,20222005,20221054,twainwright5s@noaa.gov,cpXl1FCYY,admin
20224210,20223136,20222076,20221089,ngarrioch5t@ca.gov,mhoxolL,admin
20224211,20223144,20222094,20221088,gyegorkov5u@foxnews.com,wnU6XuX1,customer
20224212,20223198,20222006,20221062,dboddington5v@narod.ru,gN87BXjxZ,admin
20224213,20223148,20222014,20221084,nfenwick5w@webs.com,Fh3Tvh,customer
20224214,20223081,20222021,20221041,mshegog5x@hostgator.com,uLRxTwC2zY,customer
20224215,20223044,20222017,20221100,ggendrich5y@so-net.ne.jp,er5a3E,admin
20224216,20223051,20222042,20221056,dpaddington5z@businessinsider.com,bL1c3aW0uNO,employee
20224217,20223132,20222014,20221005,mbolstridge60@apache.org,2kMY9jVb0zw,admin
20224218,20223200,20222077,20221034,nmckendo61@dyndns.org,VJUrogsI0i,employee
20224219,20223021,20222097,20221007,aenderson62@moonfruit.com,BVbCpv3ERuBE,admin
20224220,20223078,20222097,20221032,tcayette63@timesonline.co.uk,stcnuWfw5k,employee
20224221,20223149,20222012,20221010,bprestie64@etsy.com,HeZ9ucGM,customer
20224222,20223145,20222069,20221009,itomsen65@nifty.com,wkFnej6C4,customer
20224223,20223075,20222007,20221083,hquenell66@bbc.co.uk,Qdaadzt02hc,customer
20224224,20223166,20222050,20221002,hcornwall67@devhub.com,i8rLnxi8Tvh,customer
20224225,20223083,20222026,20221028,dolsen68@blinklist.com,ClsIi5cvR,customer
20224226,20223060,20222053,20221062,psyddon69@moonfruit.com,2IT25xbaszJq,admin
20224227,20223008,20222034,20221021,cpimm6a@jigsy.com,xnOcv2gLBM,admin
20224228,20223002,20222008,20221070,cleak6b@xing.com,X65a36G,employee
20224229,20223094,20222049,20221087,pmeindl6c@shinystat.com,KsbtzpYuoC,employee
20224230,20223135,20222081,20221007,soscannill6d@gmpg.org,kTyPHqNwDBMF,customer
20224231,20223020,20222010,20221033,ccaldayrou6e@icio.us,TRs5B2p1b,employee
20224232,20223003,20222035,20221019,jweatherby6f@4shared.com,JJUMElKQY,employee
20224233,20223072,20222022,20221055,bcrippin6g@cbslocal.com,00PYKg0F2vRy,admin
20224234,20223062,20222088,20221073,edoiley6h@sciencedirect.com,BbpJMk,customer
20224235,20223146,20222061,20221074,aguare6i@businessweek.com,FxgfW8O,customer
20224236,20223122,20222053,20221062,cdudson6j@businesswire.com,9i3uvobtQF,admin
20224237,20223073,20222085,20221072,jokeevan6k@geocities.com,3bIgaw7W9,admin
20224238,20223072,20222081,20221011,moloman6l@soup.io,DZGdQ0aXU,employee
20224239,20223103,20222010,20221092,bgetty6m@lycos.com,2pAXPxogYdeQ,employee
20224240,20223079,20222082,20221043,sjelley6n@360.cn,pMzQ0gw17qyj,admin
20224241,20223200,20222059,20221002,tpostance6o@deviantart.com,0JkEUKP8Zn,employee
20224242,20223060,20222028,20221095,jcubbini6p@globo.com,oOqGv0fe,customer
20224243,20223073,20222083,20221079,bchatten6q@list-manage.com,fu7FGvs,employee
20224244,20223068,20222100,20221071,ssimkovich6r@walmart.com,kIjjgGK,employee
20224245,20223192,20222051,20221007,scarlson6s@eventbrite.com,w6xuzbgop,employee
20224246,20223114,20222072,20221021,jluckin6t@cisco.com,CPPF6R,employee
20224247,20223013,20222051,20221062,cerley6u@domainmarket.com,0USqQleeDwp5,employee
20224248,20223123,20222059,20221044,gneward6v@blog.com,LEApsg,customer
20224249,20223162,20222100,20221008,mmacgeffen6w@howstuffworks.com,wqb1Xq,employee
20224250,20223142,20222084,20221010,dhortop6x@clickbank.net,1YYHNqDuEsRQ,admin
20224251,20223054,20222011,20221031,nlicas6y@virginia.edu,bmYrFMz5,customer
20224252,20223130,20222076,20221022,rstonard6z@ucsd.edu,7pmv6Z6NtleB,customer
20224253,20223061,20222095,20221008,hohingerty70@jiathis.com,XGmC6gQw5r3h,admin
20224254,20223079,20222093,20221025,jcargenven71@bbb.org,wHAZGva,admin
20224255,20223086,20222004,20221034,ktafani72@java.com,hlWjsXFg,admin
20224256,20223164,20222044,20221036,ebill73@pen.io,uccvSL5gM,admin
20224257,20223034,20222021,20221081,rbye74@jalbum.net,ghhIdlYl,customer
20224258,20223055,20222026,20221067,hmcglaughn75@nhs.uk,C5Gfnkj9wzS3,admin
20224259,20223119,20222083,20221006,slodwig76@livejournal.com,Sp7vagnw,customer
20224260,20223154,20222047,20221018,mmouatt77@cbc.ca,FgGHais6xe7,customer
20224261,20223142,20222032,20221020,fsegrott78@cisco.com,SUr8S9,customer
20224262,20223128,20222097,20221090,nrapa79@skyrock.com,eNBOyHx97,employee
20224263,20223058,20222062,20221025,bmithan7a@hp.com,4gh5of4t,employee
20224264,20223016,20222031,20221070,dfardoe7b@4shared.com,63JvRJCHEc,admin
20224265,20223076,20222002,20221064,emccromley7c@opera.com,1GIy6b1by,customer
20224266,20223047,20222036,20221079,lcastilljo7d@exblog.jp,ZXFnpBJs,admin
20224267,20223096,20222043,20221060,nkimble7e@ftc.gov,zMU8XEgCok,admin
20224268,20223019,20222029,20221064,yshera7f@umich.edu,b648HreDzXZ,customer
20224269,20223045,20222086,20221080,hcasaroli7g@mac.com,ItIY0btkA,admin
20224270,20223080,20222033,20221041,vniblo7h@nature.com,KDYBw3T,admin
20224271,20223185,20222050,20221016,gstockow7i@cyberchimps.com,ZOg0d2,admin
20224272,20223200,20222095,20221004,zmaleney7j@creativecommons.org,KLiXGF14Sp,customer
20224273,20223191,20222052,20221057,asante7k@nyu.edu,4wcYmmN,employee
20224274,20223083,20222031,20221085,eaggas7l@youtu.be,v2jpmpbBTiXC,admin
20224275,20223151,20222099,20221016,ckroch7m@cbslocal.com,QK1jTZY,customer
20224276,20223005,20222005,20221045,khelix7n@ucoz.com,NSNfuk,employee
20224277,20223074,20222047,20221054,vwedmore7o@histats.com,IM4LiQqua,employee
20224278,20223168,20222037,20221098,upaddon7p@google.ru,boB5xi2sUmd,employee
20224279,20223089,20222070,20221081,lkroch7q@hugedomains.com,Al13Vnq,customer
20224280,20223037,20222096,20221064,fbartolomivis7r@slate.com,jtbdZpV6sbL1,admin
20224281,20223197,20222061,20221049,trings7s@godaddy.com,mdeDp8L,admin
20224282,20223091,20222024,20221045,rzoppo7t@cmu.edu,OY7if1n4p2f,employee
20224283,20223196,20222087,20221021,jalexsandrovich7u@ebay.co.uk,8X7Kn9ZZuEC6,customer
20224284,20223063,20222066,20221045,mkopmann7v@ftc.gov,hOYQ0TyX,admin
20224285,20223138,20222062,20221024,alambshine7w@mit.edu,ozUWX8IN,employee
20224286,20223190,20222067,20221015,klinstead7x@github.com,kFWGWOF,customer
20224287,20223021,20222025,20221051,rfoston7y@reddit.com,ThV1yZkCD9,employee
20224288,20223138,20222001,20221082,rcornes7z@paypal.com,kif0qDT0,admin
20224289,20223176,20222022,20221031,rmerdew80@earthlink.net,GTdi3h7GgxQu,employee
20224290,20223045,20222026,20221001,itolhurst81@earthlink.net,WbmdOKJ2P,admin
20224291,20223019,20222005,20221021,jscoyles82@com.com,tHyWXT,customer
20224292,20223040,20222030,20221069,goldcroft83@facebook.com,OVvoRjVkO,employee
20224293,20223113,20222014,20221004,dscapelhorn84@google.com.br,8XGs7T,admin
20224294,20223126,20222010,20221083,clowensohn85@parallels.com,femMaZCrC,customer
20224295,20223020,20222004,20221004,idodshun86@technorati.com,wAZb2qEdrz,admin
20224296,20223026,20222041,20221094,adurston87@flickr.com,6ntpwH,customer
20224297,20223102,20222008,20221066,akarpe88@ustream.tv,XU6etuq2d5,customer
20224298,20223047,20222066,20221099,mdimbleby89@boston.com,jJ5Wtl0mZRXf,employee
20224299,20223049,20222061,20221001,qswynfen8a@cbslocal.com,K8tmbzKFB3fU,customer
20224300,20223171,20222060,20221074,cjobin8b@joomla.org,1azFbX25NBs,employee
20224301,20223098,20222021,20221083,kvanbaaren8c@bluehost.com,iG9lnp9DXF,admin
20224302,20223003,20222005,20221014,rderges8d@alexa.com,kpMmrlTmy9n,admin
20224303,20223093,20222041,20221095,lshovlar8e@examiner.com,QWQzBwdZ,admin
20224304,20223018,20222091,20221037,tsprowles8f@parallels.com,ajRk5ILeU,customer
20224305,20223009,20222096,20221063,pcarabet8g@odnoklassniki.ru,eb8IsTczqP,employee
20224306,20223013,20222050,20221064,saddison8h@yandex.ru,I3K6qWTqZJR,customer
20224307,20223164,20222070,20221077,kgreenier8i@lycos.com,s3AIhmX5PUdb,customer
20224308,20223059,20222081,20221070,rbehneke8j@discovery.com,6evroO,customer
20224309,20223162,20222083,20221011,sgaishson8k@cnet.com,z0l1Wgsc,admin
20224310,20223004,20222064,20221042,mtowndrow8l@mashable.com,SW9dpFqKRG,admin
20224311,20223080,20222090,20221020,kmcgenis8m@cyberchimps.com,9odimH01zil,admin
20224312,20223130,20222055,20221018,uguise8n@exblog.jp,5nDGKqC,customer
20224313,20223120,20222007,20221053,dtrippett8o@salon.com,qMMhQoKXWjAR,admin
20224314,20223135,20222098,20221065,pissit8p@meetup.com,8u09i4D7,employee
20224315,20223061,20222029,20221009,mdomengue8q@who.int,rOFgv4PxBF,admin
20224316,20223083,20222065,20221059,kbernardos8r@adobe.com,xRhomm2oFGV,customer
20224317,20223182,20222028,20221005,npritty8s@answers.com,k0eakp9b,employee
20224318,20223153,20222055,20221080,ljaukovic8t@aol.com,mc5khO8uLr,admin
20224319,20223049,20222060,20221045,drycraft8u@bloglovin.com,bwONn6xYS,customer
20224320,20223125,20222085,20221019,callatt8v@latimes.com,5Hp5HPyS,admin
20224321,20223004,20222017,20221027,gblenkiron8w@storify.com,0cEE2bz,employee
20224322,20223093,20222096,20221073,vpinor8x@sun.com,oZB8o4rS,customer
20224323,20223055,20222007,20221047,ocorpes8y@about.me,JvpRe3nU,admin
20224324,20223047,20222089,20221077,ssilberschatz8z@unicef.org,K1mGGr9fh,admin
20224325,20223001,20222078,20221021,adods90@csmonitor.com,WPJVQCtFq,admin
20224326,20223038,20222082,20221087,emcbrier91@marketwatch.com,HknwfpoV,admin
20224327,20223174,20222082,20221030,mwarder92@booking.com,OveSMIXLYv0,customer
20224328,20223119,20222052,20221062,jmarieton93@ucoz.com,OgqfHCpN8,customer
20224329,20223192,20222064,20221005,hedwins94@plala.or.jp,YJoR2ue,admin
20224330,20223200,20222001,20221079,mcompfort95@amazon.com,wWAXfCAbfL,employee
20224331,20223031,20222022,20221087,gcasol96@timesonline.co.uk,OXOFseTdefDv,customer
20224332,20223086,20222090,20221063,jtrevaskis97@yahoo.com,TIFqJMtKrV,customer
20224333,20223102,20222090,20221064,rricharson98@netlog.com,SxPnXAKO6A,admin
20224334,20223023,20222086,20221021,mtunkin99@dot.gov,KI2r3U86,admin
20224335,20223186,20222096,20221049,tberre9a@networksolutions.com,ZNiFKV,customer
20224336,20223052,20222047,20221014,emankor9b@jimdo.com,32oJjZnyml,admin
20224337,20223140,20222056,20221085,jkemson9c@admin.ch,L0KIVnlV,admin
20224338,20223154,20222069,20221025,eingle9d@wikipedia.org,zz8Gfw,employee
20224339,20223105,20222019,20221071,gfaust9e@goo.gl,y45PMcE,admin
20224340,20223094,20222031,20221074,mstallon9f@ameblo.jp,6d9PyGUk7,admin
20224341,20223100,20222056,20221047,jsmardon9g@google.fr,7DYHjQzCGAII,customer
20224342,20223196,20222033,20221094,ecamellini9h@globo.com,rxXlgvSYlrN,admin
20224343,20223196,20222023,20221087,sskpsey9i@elegantthemes.com,kgBfBjPuS,admin
20224344,20223124,20222014,20221008,bhrycek9j@scribd.com,JFKAhoea,customer
20224345,20223111,20222032,20221100,ssliman9k@booking.com,qTOLg3PKP,employee
20224346,20223159,20222091,20221003,dreaman9l@indiatimes.com,oaU2RBgIvJ9a,employee
20224347,20223062,20222100,20221076,kpaszek9m@redcross.org,AFqamQ,customer
20224348,20223194,20222060,20221009,ebapty9n@tinyurl.com,gd7TAJFggPk,customer
20224349,20223120,20222082,20221012,eellick9o@miitbeian.gov.cn,kc7Dymz,employee
20224350,20223067,20222009,20221020,gspragge9p@drupal.org,OMymH05xk,employee
20224351,20223159,20222017,20221038,cscone9q@ezinearticles.com,IaO3KspmvQXW,admin
20224352,20223160,20222099,20221082,sbristo9r@nifty.com,YubwfLXYtI,employee
20224353,20223009,20222059,20221087,cmurrum9s@usgs.gov,D8MhZjzpscmL,admin
20224354,20223079,20222040,20221055,mbarrand9t@cargocollective.com,OFo4NkI9IqA,employee
20224355,20223084,20222070,20221066,gcleave9u@constantcontact.com,Nq12Efo,employee
20224356,20223133,20222069,20221091,ibollard9v@pinterest.com,UpQsdPyn9J4,customer
20224357,20223020,20222055,20221092,mholgan9w@dailymotion.com,8lYyWh,employee
20224358,20223074,20222006,20221058,elandsborough9x@cnn.com,br6DA9,admin
20224359,20223068,20222080,20221023,rwiskar9y@vinaora.com,sIF7zVm2,customer
20224360,20223055,20222051,20221063,godyvoie9z@marketwatch.com,L6FuPFylAcB,admin
20224361,20223138,20222067,20221006,mgornara0@cargocollective.com,llBpB3,employee
20224362,20223077,20222054,20221072,bcareka1@163.com,dmQgMN,employee
20224363,20223199,20222077,20221018,wreidea2@rambler.ru,Hhotl7,admin
20224364,20223055,20222010,20221022,gsharera3@yelp.com,FUP0Xn,employee
20224365,20223095,20222046,20221019,wtyea4@rambler.ru,LbyQwLf,employee
20224366,20223189,20222013,20221079,ebevingtona5@elegantthemes.com,H4Mu5gvGg,employee
20224367,20223067,20222074,20221094,blepagea6@amazon.co.uk,F2VTeDoxe9,employee
20224368,20223025,20222022,20221094,lbrunia7@sitemeter.com,VFo6FV88,employee
20224369,20223154,20222045,20221047,gjoplinga8@goo.gl,QwcKCp03A,customer
20224370,20223193,20222059,20221083,eivanonkoa9@blogger.com,8qeA67VP,employee
20224371,20223111,20222024,20221097,byusupovaa@hao123.com,ciPe9oqs,admin
20224372,20223045,20222099,20221027,sbollettiab@ucsd.edu,WyTe4HlX,admin
20224373,20223070,20222077,20221095,aaddyac@economist.com,4icjdq9l6DJ,customer
20224374,20223158,20222063,20221071,oboddisad@typepad.com,KegYuhw90rWY,admin
20224375,20223135,20222022,20221078,mcalytonae@imdb.com,OFfmFC2I,employee
20224376,20223032,20222017,20221068,ahenrichsaf@ibm.com,hrgcQY4rh,admin
20224377,20223175,20222070,20221013,cwaggettag@tumblr.com,mi2tl7J,customer
20224378,20223101,20222022,20221067,hczajaah@themeforest.net,yU7iNnM,customer
20224379,20223100,20222066,20221019,tjessoppai@goo.ne.jp,uwwtsCGU7p,customer
20224380,20223196,20222094,20221056,zmcpheeaj@google.es,WwAqW1F9x,admin
20224381,20223163,20222033,20221090,wcassleyak@4shared.com,DeLNc6be,admin
20224382,20223060,20222058,20221012,ldilrewal@deviantart.com,L6k82FLd8LeR,employee
20224383,20223196,20222080,20221031,dcardenosaam@businessinsider.com,MQeHOOmfh1,employee
20224384,20223178,20222060,20221032,lsunderlandan@typepad.com,Fou8CoxAyNj,customer
20224385,20223197,20222045,20221036,rwycliffao@ehow.com,gInpVnsf4q,employee
20224386,20223161,20222079,20221052,mgavaganap@youku.com,1wJMCKyvv3,customer
20224387,20223065,20222046,20221001,bprattenaq@php.net,qBy30cCBv45,admin
20224388,20223042,20222065,20221016,bflorisar@a8.net,swWZzx3uK,customer
20224389,20223127,20222080,20221089,vjoaoas@bandcamp.com,h1NZWCwz5r,employee
20224390,20223023,20222005,20221065,mtitcumbat@youtu.be,tZwynqWwHEIe,customer
20224391,20223029,20222003,20221023,sloveladyau@tmall.com,C4f4gqsgpTW,employee
20224392,20223035,20222002,20221093,kscholeav@netlog.com,kPdOunjuE0k,employee
20224393,20223170,20222037,20221065,rcutcheyaw@ask.com,QLMHLjb8Vsfp,customer
20224394,20223102,20222006,20221076,rcarissax@mlb.com,JFCwGMuBLqM,customer
20224395,20223097,20222063,20221061,aronchettiay@cnn.com,dOxEMHMFKH,customer
20224396,20223019,20222034,20221093,abroeaz@usa.gov,Zgxvp0VQ8,customer
20224397,20223017,20222100,20221039,aconsterdineb0@ustream.tv,Ep4Y9z,customer
20224398,20223051,20222068,20221027,zbrumptonb1@zdnet.com,4I6Vtg4xE7Sq,admin
20224399,20223112,20222007,20221050,hgregerb2@live.com,oGoubg,admin
20224400,20223013,20222050,20221084,jbowleyb3@pinterest.com,UegcO1bpN4Ey,customer
